{"cameraMode":{"drawMode":0,"name":"Shaded","section":"Shading Mode"},"sceneLighting":false,"audioPlay":false,"sceneViewState":{"showFog":true,"showMaterialUpdate":false,"showSkybox":false,"showFlares":true,"showImageEffects":true,"showParticleSystems":true},"in2DMode":false,"pivot":{"x":-27.834415435791017,"y":1.1499996185302735,"z":12.994762420654297},"rotation":{"x":-0.19376207888126374,"y":-0.055300794541835788,"z":0.010940332897007466,"w":-0.9794276356697083},"size":71.98825073242188,"orthographic":false}