{"cameraMode":{"drawMode":0,"name":"Shaded","section":"Shading Mode"},"sceneLighting":false,"audioPlay":false,"sceneViewState":{"showFog":true,"showMaterialUpdate":false,"showSkybox":false,"showFlares":true,"showImageEffects":true,"showParticleSystems":true},"in2DMode":false,"pivot":{"x":14.600000381469727,"y":2.0900001525878908,"z":0.0},"rotation":{"x":-0.04529426991939545,"y":-0.0038984573911875488,"z":0.00017680578457657248,"w":-0.9989660978317261},"size":21.130311965942384,"orthographic":false}