{"cameraMode":{"drawMode":0,"name":"Shaded","section":"Shading Mode"},"sceneLighting":true,"audioPlay":false,"sceneViewState":{"showFog":true,"showMaterialUpdate":false,"showSkybox":true,"showFlares":true,"showImageEffects":true,"showParticleSystems":true},"in2DMode":false,"pivot":{"x":5.2491607666015629,"y":16.2603702545166,"z":-38.30936813354492},"rotation":{"x":-0.1704728603363037,"y":-0.002367306500673294,"z":0.0004096232878509909,"w":-0.9853594899177551},"size":9.399999618530274,"orthographic":false}