{"cameraMode":{"drawMode":0,"name":"Shaded","section":"Shading Mode"},"sceneLighting":true,"audioPlay":false,"sceneViewState":{"showFog":true,"showMaterialUpdate":false,"showSkybox":true,"showFlares":true,"showImageEffects":true,"showParticleSystems":true},"in2DMode":false,"pivot":{"x":-2.079735279083252,"y":9.36384391784668,"z":-20.143802642822267},"rotation":{"x":-0.19376207888126374,"y":-0.055300794541835788,"z":0.010940332897007466,"w":-0.9794276356697083},"size":9.399999618530274,"orthographic":false}