{"cameraMode":{"drawMode":0,"name":"Shaded","section":"Shading Mode"},"sceneLighting":true,"audioPlay":false,"sceneViewState":{"showFog":true,"showMaterialUpdate":true,"showSkybox":true,"showFlares":true,"showImageEffects":true,"showParticleSystems":true},"in2DMode":false,"pivot":{"x":0.022255778312683107,"y":3.6275970935821535,"z":-14.612000465393067},"rotation":{"x":-0.0007265143212862313,"y":-0.9992704391479492,"z":-0.028174223378300668,"w":0.025776121765375139},"size":22.256977081298829,"orthographic":false}