{"cameraMode":{"drawMode":0,"name":"Shaded","section":"Shading Mode"},"sceneLighting":true,"audioPlay":false,"sceneViewState":{"showFog":true,"showMaterialUpdate":true,"showSkybox":true,"showFlares":true,"showImageEffects":true,"showParticleSystems":true},"in2DMode":false,"pivot":{"x":-0.5421001315116882,"y":5.126192569732666,"z":-3.058156967163086},"rotation":{"x":0.1763407588005066,"y":0.0221373550593853,"z":-0.003967053256928921,"w":0.9840722680091858},"size":2.857893466949463,"orthographic":false}