{"cameraMode":{"drawMode":0,"name":"Shaded","section":"Shading Mode"},"sceneLighting":true,"audioPlay":false,"sceneViewState":{"showFog":true,"showMaterialUpdate":true,"showSkybox":true,"showFlares":true,"showImageEffects":true,"showParticleSystems":true},"in2DMode":false,"pivot":{"x":-0.16164731979370118,"y":3.5855367183685304,"z":0.31572794914245608},"rotation":{"x":0.08898226171731949,"y":-0.7952376008033752,"z":0.12044273316860199,"w":0.5875141620635986},"size":5.508711338043213,"orthographic":false}