{"cameraMode":{"drawMode":0,"name":"Shaded","section":"Shading Mode"},"sceneLighting":true,"audioPlay":false,"sceneViewState":{"showFog":true,"showMaterialUpdate":true,"showSkybox":true,"showFlares":true,"showImageEffects":true,"showParticleSystems":true},"in2DMode":false,"pivot":{"x":-0.8628951907157898,"y":25.05181121826172,"z":-35.86747741699219},"rotation":{"x":0.1334119439125061,"y":0.005938275251537561,"z":-0.0007995303603820503,"w":0.9910425543785095},"size":22.0,"orthographic":false}