{"cameraMode":{"drawMode":0,"name":"Shaded","section":"Shading Mode"},"sceneLighting":true,"audioPlay":false,"sceneViewState":{"showFog":true,"showMaterialUpdate":true,"showSkybox":true,"showFlares":true,"showImageEffects":true,"showParticleSystems":true},"in2DMode":false,"pivot":{"x":1.5436497926712037,"y":10.321313858032227,"z":-16.773042678833009},"rotation":{"x":-0.09928460419178009,"y":0.12058793008327484,"z":0.012122167274355889,"w":0.9876508116722107},"size":22.0,"orthographic":false}