{"cameraMode":{"drawMode":0,"name":"Shaded","section":"Shading Mode"},"sceneLighting":false,"audioPlay":false,"sceneViewState":{"showFog":true,"showMaterialUpdate":true,"showSkybox":false,"showFlares":true,"showImageEffects":true,"showParticleSystems":true},"in2DMode":false,"pivot":{"x":-0.035755038261413577,"y":2.6806907653808595,"z":0.0},"rotation":{"x":0.08898226171731949,"y":-0.7952376008033752,"z":0.12044273316860199,"w":0.5875141620635986},"size":7.9803147315979,"orthographic":false}